variance,skewness,curtosis,entropy
1.2247,8.7779,-2.2135,-0.80647
3.9899,-2.7066,2.3946,0.86291
-0.2062,9.2207,-3.7044,-6.8103
-0.0068919,9.2931,-0.41243,-1.9638
-2.1234,1.1815,-0.55552,-0.8116
-2.3142,2.0838,-0.46813,-1.6767
-1.4233,-0.98912,2.3586,0.39481
-3.0866,-6.6362,10.5405,-0.89182
-4.7331,-6.1789,11.388,-1.07
-2.8829,3.8964,-0.1888,-1.1672